"","df","AIC","BIC"
"mod",12,35172.0850465683,35241.9735986986
"mod2",6,35185.6002849263,35220.5445609914
"mod3",7,35182.4967774598,35223.2650995358
"mod4",6,35183.1353663858,35218.0796424509
"mod5",7,35180.5557030867,35221.3240251627
"mod6",6,35189.7772103693,35224.7214864345
